Tweet Id,Humour
1493200960532799495,0
1492904628358647808,1
1492317635861614597,0
1492079200223698944,n
1491395746310287363,0
1491271176412614656,n
1490954440354181130,1
1490856972539011073,0
1490142292845285377,1
1490044858530406400,1
1489883888889602050,1
1489883874121371649,0
1489883865170812933,1
1489883823764643840,0
1489883813769625603,1
1489773409471176704,0
1489518527249846273,n
1489518517225504768,o
1489518514872500228,n
1489518486447661057,n
1489518481099960320,n
1488826151875530755,1
1488572864777261059,0
1488464450395197441,0
1488122106277920768,1
1488072991065849856,0
1487734065323196416,0
1487339752273891330,1
1486231075030396930,0
1485982729082912777,n
1485834351430758400,0
1484490744492883975,0
1484383385527406596,0
1483049917392515075,1
1483049857866960905,n
1482707040279482371,1
1482374791730692099,0
1481610863018909701,1
1481608202500251648,0
1481109055938904066,0
1480483881493020672,0
1479293279955210243,1
1478538143456366592,0
1477965621006516224,1
1477517202727133188,0
1476840486799233025,0
1476804390124089345,0
1476804388265988096,n
1476193808756871168,1
1475721880074010624,1
1475584293493776392,1
1475139869416382467,1
1474928522099453953,0
1474576024918585345,0
1474306213890310145,1
1474204473098522624,1
1473962948917825539,1
1472911379849904128,1
1472454106744688643,0
1470419183129161729,1
1469917446035238912,0
1469875865223774208,0
1469623000097976321,1
1469556922374262785,1
1469498731628150785,0
1469257380105916421,0
1468970789806370820,0
1468540430690111490,0
1468162315061116928,0
1467878591983546368,1
1466727241862107140,1
1465708397760630797,0
1465692815594168335,N
1464921546829402113,1
1464432901169180681,0
1464142669530103809,1
1462655019249930241,0
1462487764348198916,0
1462255906222002178,n
1461930944730861572,1
1461016531052089348,1
1461015864786882560,n
1461015707915677707,N
1456672742292344838,1
1456629328871972864,1
1455502341977751554,1
1455420809028284417,1
1454878448422293510,0
1453158715092348929,1
1451790965132328962,1
1451536726363492354,1
1450726882916270083,n
1450547380571369472,1
1450355570913972227,1
1449928043242262529,1
1449584134863523843,1
1448626730470567936,N
1447835131058606080,N
1443768204392734720,1
1443504736758501378,1
1441720152697933826,1
1388010311039393793,N
1257391752794816513,0
1322822813976195073,1
1350044970204360704,1
1384461606726225920,n
1365233060199813122,n
1337325708960403457,N
1268943910966943745,0
1268117297442349057,1
1269814071991435264,1
1356094692685795328,1
1429781165578194949,0
1379241130374524930,N
1368852946968997889,0
1299561070445633537,1
1407322266203873286,0
1385230040946798600,1
1365908121210654721,1
1351919038713065472,1
1342817579245555712,0
1333376118628384768,n
1329052724927766528,0
1281232484437422080,0
1410097347187515394,1
1284085411032125440,1
1426904455866294279,n
1426901301703499778,n
1426900744330899461,n
1426899225900552193,n
1426891788325834752,n
1426891665009037325,n
1426889921281683461,n
1426889666377117699,n
1426888176442896391,n
1426886286153981954,n
1426885472794550277,n
1306975121605754880,1
1257269381257723909,1
1329292472313212929,0
1308375710180888578,n
1329269108211286023,1
1396689047599259650,1
1393119732740419584,1
1388668454232748034,0
1368523850527375362,n
1294118286414827521,n
1351920394102468608,0
1333749946701365252,1
1346153284701138946,0
1258755218763730944,1
1432632600271548420,0
1420027314042253319,0
1421803338509668354,1
1271782295645519872,1
1271054139456290816,n
1260832096215416832,0
1256969398159421441,0
1412231958617202688,0
1307529493335154689,0
1312440822239903745,
1291264700546572289,0
1339250628913102854,n
1339249637681635329,
1328225283564998657,0
1420320132920844288,1
1419351891952037897,n
1269263628672339968,0
1322485774709743616,1
1296694315578662914,n
1278554059738189824,1
1277658630393716738,1
1270589439857717248,0
1337299994844393472,
1275464710893105153,1
1305207570424934401,1
1341085628692230144,0
1270024391154434048,n
1408251009260916738,1
1400487296827224067,0
1270348869491142656,n
1405379325784772608,1
1258590438740512768,1
1423276990572883980,0
1356179622283493383,0
1371205538353090561,1
1371205108688580610,N
1386334927562571782,1
1317052909884903424,1
1422099589239242755,1
1420402910488236034,0
1413481174937255941,0
1263870597978656769,1
1367369468716838921,1
1425770743736926216,1
1397421220438548481,1
1391608379731107842,1
1334306411606495233,1
1303976462114983941,n
1276090360779829248,1
1399171671865495559,N
1323848796309090304,1
1306833081576243202,1
1291618670330834944,1
1285065760285487109,1
1421381231967498240,1
1394578028538171394,1
1300018749261492224,1
1342521878838038528,0
1421444747793600512,0
1254610293528952837,1
1402559341798952962,1
1269021157203853312,0
1268961019520520192,0
1268753218596724736,1
1268707512074805251,0
1268615827311362048,0
1268600520782028803,0
1268295238503796742,0
1268170877692252161,0
1267901707272556545,0
1267761815406198784,0
1267618989435424768,0
1267526878241447937,0
1267523353813884928,0
1267016021237551106,0
1266740737116430336,0
1266591468392677376,0
1266498349835997192,0
1266495106837884933,0
1266095957881556992,0
1265756737954553856,0
1265726326796926976,0
1265574023360131072,0
1265502808872292353,0
1265391309818380288,0
1265379251571904512,0
1265348550931726336,0
1265116754885464065,0
1264781792093102080,0
1264690596100308992,0
1264620491555438600,0
1263790257776009216,0
1263704710609059841,0
1263674012217102336,0
1263473675375960070,0
1263427624258490368,0
1263308972758642688,0
1263255678107484162,0
1263179499337854976,0
1263166398416801794,0
1263151559866793992,0
1263149033373212674,0
1263120219947614209,
1263073030269517825,
1263028007222075392,
1262966331760095234,
1262944938226057217,
1262920534150524929,
1262859718311231490,
1262823636551053325,
1262811808437592071,
1262520191499546625,
1262395567323348995,
1262341721146437632,
1262277547573870592,
1262226456014397440,
1262210853388107788,
1262157610641510400,
1262088042644455427,
1262057345124794370,
1261973956736753666,
1261882440123133956,
1261842168320229379,
1261826830933331968,
1261792394044899329,
1261670789935501313,
1261639612746924032,
1261580951190110208,
1261535164691292160,
1261426444095324162,
1261396003669766144,
1261306892871180290,
1261287518085042176,
1261256812684283905,
1261242981119557632,
1261118405677105153,
1261003449765974018,
1260913068034400257,
1260876811405230080,
1260785461066371075,
1260703434275205124,
1260694138024087553,
1260457776762978304,
1260375493859254273,
1260349825222090754,
1260328736064405504,
1260196055724982277,
1260131559677534208,
1260092883086069763,
1260042713006776320,
1259963210343550978,
1259919654438547456,
1259810433843834880,
1259765728850436097,
1259735441206661120,
1259596788639698945,
1259487060114706436,
1259471197307375616,
1259440503323594753,
1259317684728205312,
1259304347546116103,
1259261351337373698,
1259139640973500416,
1259078636709257217,
1259047909791850497,
1259010159323553799,
1258994809362096128,
1258590288815239169,
1258564475118129153,
1258516997811265536,
1258441639191855104,
1258334975142789120,
1258273218298814465,
1258242376667148296,
1258120557696073729,
1258098161882746882,
1257889282972418052,
1257870654059286534,
1257754898680201221,
1257701810162278401,
1257686478601302018,
1257615224842203137,
1257594098833293312,
1257532673007943680,
1257523869017137152,
1257483601320587264,
1257463218412404737,
1257271208065843200,
1257248805688352768,
1257132795933188098,
1257059060018565121,
1256882893152038912,
1256869824061456384,
1256855968836653056,
1256730640109776896,
1256699993488056321,
1256573615086227457,
1256559466759237632,
1256515226456993792,
1256453788224884736,
1256331785555767298,
1256282938322358272,
1256208418366521345,
1256098483448266756,
1255929383199674369,
1255068427124908032,
1254914450462777346,
1254283769034539008,
1254222365724160001,
1254188389923991553,
1254130261144543234,
1254114908158988294,
1254076175862947843,
1254045699198640128,
1253898479182712832,
1253653365978005504,
1253609329984405504,
1253580381317664769,
1381871798036406275,0
1401928215761879040,1
1396141504322695170,1
1376344114241789959,1
1361204685638541317,0
1271397718120775681,1
1404258328511868931,1
1433019280770011138,0
1393518448538357760,
1281232488812048384,0
1419491652075364354,N
1279225663371632641,0
1256002798388252673,1
1347145028171427841,0
1300864662964113409,1
1433683678824001539,0
1394526064957739008,N
1306098585474199552,1
1356149261604331524,1
1356148324504489986,1
1355863311720435712,1
1284305277932593153,n
1357969364344049664,n
1343522011130322945,n
1343455554698502145,n
1388852549231398916,1
1311315783100710917,1
1270540721142091778,1
1400685102560989187,1
1339621482691883010,0
1432347969269866508,N
1431819859197718541,0
1430100763062116357,1
1413776658343993348,N
1413736220006387716,0
1413399350714142722,0
1412256514186768411,0
1411177478672961538,0
1411018621556432896,0
1410232848557121538,1
1407346280372879363,0
1404837173552205826,0
1404093187115741184,0
1403592174357422081,0
1403585959195598848,0
1403389585992806402,0
1403187044038418436,0
1402676452231897097,1
1402632772355727365,1
1402613143684009989,1
1402516633545891840,0
1401460124842033155,0
1401002857613119490,0
1399716747616219136,0
1399687535463309313,0
1399357798668902404,0
1399205196475944963,0
1398992501382471682,0
1398847102541774848,0
1398269459287011328,0
1397905456895381504,0
1397544078821232640,0
1397182455677870084,0
1396817753420353545,0
1396458377652228096,0
1395735569062252546,1
1395371800175857668,0
1395007036958535688,0
1394645792678240260,0
1394285901266624513,0
1393922070862434306,0
1393192733360091143,0
1392834527987261444,0
1392471452180312065,1
1392469983964270600,1
1392109357018583047,1
1391745371529830404,1
1391389854265602050,0
1391388377010765830,0
1390657042864435204,1
1390295554618380291,0
1389932028808683521,1
1389571821310136326,0
1389208087660163075,0
1388121531293716488,1
1387759531929767936,0
1387395770089754624,0
1387034123961868289,1
1386671193579610112,1
1386310926719090689,0
1385583596073750536,0
1385220385977733120,1
1384858665312677902,0
1384496366005592078,0
1384134147535294471,0
1383772221965881354,0
1383047611884572673,0
1382684615090049025,0
1382320702288662529,0
1381960679955951622,0
1381849718074974209,0
1381598435686580225,0
1381237314282610691,0
1381169164539195395,0
1381168566838288384,1
1380338838472519683,0
1379991642489319424,0
1379711877672935424,1
1379698168946778112,0
1379421845225578502,0
1379390659984044033,0
1379390539712315394,0
1379347302825881601,0
1379266273373134848,0
1379061066479505413,1
1378994622949548036,0
1378701598944153613,0
1378619139888082946,0
1377973642852585473,1
1377613981830021123,0
1377526962214735873,0
1377249005936078850,0
1376889018395156486,0
1376524124340645893,
1376158619532619778,0
1375053400597954563,0
1374995143925891072,0
1374718386324729856,0
1374348875742375936,0
1373987223062732812,0
1373616636100444164,0
1372892181267025926,0
1372532372609015815,0
1372166767066312704,0
1371808017256116226,0
1371443263517777920,0
1370198317125181441,n
1370031486078914564,0
1369635019375796226,0
1369280228124626945,1
1368904503597010944,0
1368569065703317515,0
1367820200754614272,0
1367456810488061954,0
1367091849626677249,0
1366731836081070082,0
1366369932766679042,0
1366010252819189776,0
1365284380327825410,0
1364927328321609737,0
1364556354363400195,0
1364205517908840449,0
1363834444705128450,1
1363475100692054025,0
1362734338282901508,0
1362386331826069509,0
1361665085698105348,0
1361302211410554881,0
1360179136992477188,0
1359854759650283522,0
1359492276456546310,0
1359129760283074568,0
1358771657897201664,0
1358406657382912000,0
1357679082461274113,0
1357320936253362184,0
1356956319975055362,0
1356591854209298432,0
1356232751645483008,0
1355868365290528771,0
1355141780967100418,0
1354418496390631424,0
1354059380249911296,
1353701004789698560,0
1353333790177775616,0
1352615444557885442,0
1352533603561836545,1
1352246156441518080,0
1351883464547606528,0
1351523992184582144,0
1351157548125138949,0
1350793979931967488,0
1350358956959416321,0
1350069043705745408,1
1349706229610758144,0
1349346754555088898,0
1348982587474104327,0
1348620138531094532,0
1348259711657775105,0
1347462157097525248,1
1347098352530309126,1
1346809643037691905,0
1346447393579909120,0
1346371857096744964,1
1346010298843418626,1
1345726328050311170,0
1345646731678027777,1
1345284560699838464,1
1344996370457870336,0
1344631256382799872,0
1344271467551236102,1
1343915697143861248,0
1343546766273126400,0
1343182334976135171,1
1343112756199710722,1
1342461121601576960,0
1342100572132950017,0
1342024902912528384,1
1341733652934184961,0
1341373496178352130,0
1341295040027455488,1
1341014520907513856,1
1340948098793672704,1
1340651155731275776,0
1340575272924430336,1
1340210784601665536,1
1339923170799710208,0
1339851675746541572,0
1339561817584988162,0
1338836331426803712,0
1338476976714121218,0
1338400480410521600,1
1338114635912761344,0
1337676088458166279,1
1337385098312732672,0
1337025576549289984,0
1336663677521432578,0
1336639583140757506,1
1336299704162766850,0
1336227036541534209,1
1334865349007708162,0
1334487152562851848,1
1334125667936399360,0
1333765258607923201,0
1333407148802379777,0
1333037561309057024,0
1332315296011591681,1
1331951967384469505,0
1331590199189655553,0
1331226700059959297,0
1331152377316061184,1
1330869457384841216,1
1330502829488926726,0
1329776780379451393,0
1329701791571689474,1
1329411852518842369,0
1329054079998300160,0
1328701576622473224,0
1328327215713378304,0
1327965128571043845,0
1327530297542418433,1
1327238152734470145,0
1327165125329965056,1
1326873353567662080,0
1326521493782556673,0
1326150746123853826,0
1325788553654095873,0
1325716320608944129,1
1325433907106377730,0
1325355050458251264,1
1324709357045510144,1
1324348573736054784,1
1323989661409181696,0
1323903810985627648,1
1323619797783834626,0
1323551606894292993,1
1322900327075516417,0
1322166531216695303,1
1321806744994172928,0
1321448921206452224,0
1321086792414699522,0
1320720304314830848,0
1320645085298454529,1
1320367356212703233,1
1319917317543710720,1
1319637688505536517,0
1319603135099379713,1
1319274017170157570,1
1319194370516549635,1
1318918167134052358,0
1318560246013591557,0
1318469934041591808,1
1318185418009890816,1
1318107826426818561,1
1317819277412499456,1
1317110118211678209,1
1317020597700841474,1
1316735478742151169,0
1316657270072041473,1
1316381594773458945,0
1316294617927544833,1
1316017511729512448,1
1315932084045635585,1
1315655047775051777,0
1315569049015734273,1
1315287609170567168,0
1314562067148333057,0
1312037393336156161,0
1311944631953752065,1
1311701563727994880,1
1311584499705077762,1
1311315061898575874,1
1311222036392366080,1
1310957743398940673,0
1310855230649581568,1
1310590998725029889,0
1310485660441042944,1
1310254041377591296,0
1309771865171193861,1
1309520252116504576,0
1309160075999752204,0
1309048038573432834,1
1308793882717478916,0
1308684851608915969,1
1308407826327515136,0
1308321762032013319,1
1308064292479012864,1
1307699375741624325,0
1307235188900917248,1
1306964132059463680,1
1306611727379824642,1
1306511063496536065,1
1306251722772246528,0
1306149066728898560,1
1305885837020639233,0
1305792254901014528,1
1305530915238547456,1
1305166118697328641,0
1304434790549118976,1
1304336001045639168,1
1304085461812629505,0
1303722753284071424,1
1303610707980832768,1
1303361645327126539,1
1303249274671693829,1
1302997425230090240,1
1302886028454359041,1
1302638114507304961,1
1302520972881297408,1
1301908752551931904,0
1301796459457568769,1
1301549402713022464,0
1301198146995777537,1
1301077549590614017,1
1299622953471086594,1
1298918302756921344,1
1277219187090284544,1
1370405345944694793,0
1338480243296751616,1
1296714243543244800,0
1295982279592878081,0
1300789059284070403,1
1393907714695208969,1
1390747811021352960,1
1369711286313885697,1
1324376071597273088,1
1352126814852767744,1
1358091151677423617,n
1432161777245036552,1
1292037488928673793,1
1393255031831371783,1
1261648458030727170,1
1388803847192137729,n
1336864285297786881,1
1285479033329729536,0
1368928466054213636,1
1366021515439861761,1
1304974491089399810,1
1277898596856131585,1
1275266679212105729,1
1418544732389609472,1
1423479730381017090,1
1292842873314918401,0
1426561151194726406,1
1411310455532908544,1
1425482633677402118,1
1423098622682427392,0
1418546035161399297,0
1418222004797247496,n
1415323618469244934,0
1414531562226388996,1
1413399031204646914,n
1303976420457082882,n
1433672401972342785,1
1383356068202377216,0
1359816513557962759,0
1341340558468399110,0
1332632993383387138,0
1331917145622552577,0
1420987520418869249,0
1419839962246049795,n
1287013983874977793,1
1356923672615772160,1
1348541926044168192,1
1345962819129282560,1
1344493481977290758,1
1342731055065776130,1
1339094332540768256,1
1338770780843364352,1
1328570465598787585,1
1326777859856273408,1
1326732701999755264,n
1325369972474867712,1
1325003878136360961,1
1324306516619354112,1
1322031479619112961,1
1321767660271489026,1
1393165317749104641,0
1435613936972226564,1
1368962596154474496,1
1377576726096617478,1
1401070031300009995,n
1393959652258316289,n
1279953389078675459,n
1346447593123921920,1
1283820469490085888,1
1401399350962442240,1
1438800455207829504,n
1426873693376946178,0
1378686198625890307,1
1349683480913854468,1
1349326232542842886,1
1280152066107650048,1
1259444819224481792,0
1415889477319368704,1
1298989892442050560,1
1387814867558535168,1
1433039178833399810,1
1432716913000521731,1
1405023505628999682,n
1404586290776051713,1
1292858602525343744,n
1253535336405389312,0
1253516954402512898,0
1253407460796166145,0
1253253232492785664,0
1253171439320150018,0
1253151305364897793,0
1253105179878199297,0
1253084131539460096,0
1253029501564596236,0
1253027282446409730,0
1252755756983521280,1
1252755444902309894,0
1252745380837629953,0
1252730027969589249,0
1252633589432438785,0
1252576272552734720,0
1252481139454984192,0
1252120029614575617,1
1252107491824955392,0
1251898554085306369,0
1251525986362916866,0
1251065918404194304,0
1250820590866317313,0
1250811462261657602,0
1248269166060044290,N
1248215650490699776,N
1247922619342413825,1
1247901059772583940,N
1246795149625249793,1
1246473577047576576,N
1245992013108895744,0
1245626968009101318,1
1244555663797346305,1
1244177725369118720,N
1243406912944627713,0
1243221404805263360,1
1243058811436335104,0
1242730622855958529,0
1242495612219604992,N
1242261321434853376,N
1241232296428163072,1
1241037495195684865,N
1239914384492769282,0
1239459808530460672,N
1239398475004932096,1
1239268363819507718,N
1239252069636362241,N
1238386545247182848,1
1237609434433482753,1
1237376263007830016,0
1237288626733506561,0
1236687202374963201,0
1236194023938777090,1
1235603339439534082,1
1235408254366371840,1
1234818308651642882,1
1234711873024491520,0
1234170922803679232,1
1233417874288435202,0
1233344880358936576,1
1233339141414412288,N
1232619191338860544,1
1232534862986436608,0
1231551117265260544,1
1231244672489537536,0
1231175699664424960,N
1231148027059924992,0
1230753010814308354,0
1230405322323283968,1
1229959827415126016,0
1229663518418460672,1
1228926210329083905,1
1228912781094572032,N
1228244331523432449,N
1227876740015374338,0
1227875992170979328,0
1227824474554155008,0
1227556833641914368,1
1227438914077626369,1
1227416974088527874,1
1227279141466034176,N
1227156595705933824,0
1227085321285693440,1
1226866908281966593,0
1226839396659257344,0
1226788992193949696,1
1225669481554276352,1
1225028825915912192,0
1224647720721190912,1
1223817550842097664,1
1223454896696918016,0
1223088600624971776,0
1222835461317480450,1
1220987349846257664,0
1220594057677697025,0
1220385345616801794,N
1219793107140694016,0
1219692288542007297,0
1219681527564423168,N
1216219408260972546,0
1215537920599195649,0
1209804490049613824,1
1209730320041304065,0
1208125794809073664,0
1206442157067780097,0
1205472791379623937,0
1204367722445819905,0
1204026557569753098,0
1203610344947503104,0
1201427885895995392,0
1200298161501138945,0
1199848715357261824,1
1198897252216950785,0
1198481734091698176,1
1197142391020343296,0
1196753502229286912,0
1196456780454170624,0
1196347919118454785,1
1196313277287915523,0
1195677750788407296,1
1195257135573028864,0
1194672802583863297,1
1194513477286543361,0
1192768432032210944,0
1192425745466810369,0
1191035028546830338,0
1189165818833035264,1
1185825970521104384,0
1185424285474545664,1
1185058985163907074,1
1179372476289159171,0
1178621761010769920,0
1176459736767557634,0
1174312995834302465,N
1173952243285913600,N
1173944695719772161,N
1173922234894708737,N
1173217275437912064,1
1172887383668248577,1
1172780360502956033,N
1172475127784562688,0
1171835694064365569,1
1171675844198027264,N
1170246131114098688,1
1168496869523148801,0
1167231714541764608,0
1166905043242455040,N
1164596301184454656,0
1162224481135259648,0
1162039946380660741,1
1161304821049122816,0
1160935034137673728,1
1158962664220925952,0
1155829018337239041,1
1155051345671413760,1
1155026512950620160,N
1152192529292386304,0
1151870024941834241,0
1151011848612769792,0
1150096254300385280,0
1148981190130458624,0
1148187951450320897,1
1147517718012317696,1
1147076014587154432,0
1140582749973012480,0
1137909993716371456,0
1137012503903260672,0
1136668887037095936,0
1135252702194151429,0
1134746800407998465,0
1134464261055365123,0
1129381192749473792,1
1129303112617943040,0
1128968404784693248,N
1125060048089112578,0
1124646823304384514,N
1120198814361501696,1
1120148916559732736,N
1120148660480647168,N
1120141643607187457,N
1118395356587405312,N
1115583009866960897,0
1114841375630032896,0
1114528274993037312,0
1114037090784829440,N
1113445430753288194,0
1111635826654543872,1
1109690861267255296,0
1109517445042262016,0
1109106452705300482,0
1109073561115865089,0
1108438967932772352,0
1108438921254301696,0
1108438855911239680,0
1107962568360906752,0
1106934571495505921,0
1104976648951091200,0
1103909272834859008,1
1103705620748865536,1
1103306006505930752,0
1102705001699270656,1
1100723157650952192,1
1098570288235794434,1
1098464731260538880,1
1097336305711792129,1
1096718146780758016,1
1095606588482691075,1
1095008141832466432,0
1094854835999072256,1
1094477731037831169,1
1093779165160050688,0
1093778913971617793,N
1092319769968209920,1
1091966360387751936,N
1091711797634260993,1
1091558245297094657,0
1091539799352078337,1
1091288656852078592,1
1091190422083260416,1
1090577680917880833,0
1090577613469319169,N
1090530951963254784,0
1090530850213511168,N
1090530778369249281,N
1090502438618988544,1
1090025231547215872,1
1089793481529147395,1
1089461774909239296,0
1089461751488356352,N
1086854123499139072,0
1086493504304427013,0
1085206088717295616,1
1085182701039022080,N
1085018410554028032,1
1084719814139043840,0
1084686588372602880,1
1084648887040626689,N
1084632659769184256,1
1084403264920010752,0
1084017327656570880,1
1083972182164860928,0
1083370182452699136,N
1082645566675345409,1
1081136033285103616,1
1080504570760056834,N
1076522115740954629,0
1076316274081320961,0
1076314911104483329,1
1073567705305763840,1
1073207975953653760,1
1073194568277868544,0
1072655383594979329,0
1072053795885121536,1
1071340482188328960,0
1071289181660307456,N
1070364418863652864,N
1070307884154597376,N
1069839902123151361,0
1069169938663845888,1
1068732188974186496,N
1067416077448212480,1
1066957499952234497,0
1065871754508218370,0
1064910499844808704,0
1064777219510284289,1
1064486367286022144,0
1062001233169342464,N
1061982888814510080,1
1060586964548759553,0
1059399001299083264,N
1059398907824730113,N
1058743330782232576,N
1058227304373964801,0
1058023717660487681,0
1057567198288535554,N
1056803705452945408,N
1055545013738893312,1
1055422279109238784,1
1054592281943015425,1
1054177115367628801,0
1053868935320203264,1
1050277721601961984,0
1049238532881956865,1
1049223515134545920,0
1048616682263142400,N
1048482963409833984,1
1048211714536161281,N
1048211577709580288,N
1047796478599725056,N
1047701793021423617,N
1047701729683234816,N
1047671199310929920,1
1047533577255178242,N
1047472622584266753,N
1047453907784486914,N
1047448483978858496,N
1046725940586340352,0
1045989490832007169,N
1045373790178271232,1
1045263474970902528,1
1045253833843073025,0
1044951015584227329,1
1044444709676957696,1
1042460464720928768,0
1042407348717772803,0
1042003933646815232,1
1041751344783122432,0
1041594228734877697,n
1040832146842243073,0
1039905006529404929,1
1039856621675892737,1
1039032000525553664,0
1039019184041205760,0
1037666991329435651,0
1037237644172783616,0
1036594035400429569,1
1034778600711442432,1
1034189930325397504,0
1033993829840388096,0
1033074283587624961,0
1032591219828744192,0
1032591014777647110,1
1032523855615721472,0
1031965897785663489,1
1030393299167629313,0
1030340519753175040,0
1030340270687117312,0
1030340034740645889,1
1030339802535616514,n
1030338890886860800,1
1028899294798143489,1
1027145199024132096,0
1027144964273135616,0
1026363983131947008,0
1026363159861284866,1
1026055652479840256,1
1025684393476542466,1
1025683557249761280,n
1025229224595075073,0
1024656803752112133,1
1023882873609146369,0
1023877606821658627,0
1019921997801742336,1
1019887451807145984,0
1019886841489690624,n
1019547212366299136,0
1019526024055291905,0
1019469417376346112,1
1019282414982426625,1
1018476593856090112,1
1018108816234242048,n
1018103542312308736,n
1017829421841956864,1
1016294795738689536,0
1014151423737647104,1
1014129538199007232,0
1014129347739844609,0
1013776385662316544,0
1013775832861442049,0
1013028137859502080,0
1013027697591660544,0
1013027303683604480,0
1012958713089384449,0
1012679716392742914,0
1012300481836736513,1
1011905491973242880,0
1011580950784847872,0
1011580690347900930,0
1011200801908199424,1
1011177394311491585,1
1010125266755022849,0
1010112782774165504,n
1009745030683111424,0
1009739164135223296,1
1009666758674911237,1
1009370730440503297,1
1009370426089168897,0
1009098095974547457,1
1008657999324274688,0
1007946213948157952,0
1007275907323752448,1
1006873771125268480,0
1006851239152254976,1
1006846334756741122,0
1006512018688315392,0
1006503777870929920,0
1006502550072221697,0
1006398621674135552,0
1006152534560464896,0
1006152103826296832,0
1005423175155367936,1
1005021636083396608,1
1005021125179392000,N
1002733163553030144,1
1001699204274774017,1
1000978885612273665,0
999167753335574529,0
998973378902937600,0
996373100567584769,1
995906018331713536,0
995585814087241729,N
993367573449371648,0
991931379628871680,0
989799327974359040,0
988673797497720832,0
988259457808252929,1
987670638788726785,1
987524060979564545,0
986202628538298368,0
985363782716321792,N
983648824668409856,0
982853219977084928,0
977481658860494848,0
976751850589433856,1
975799665756028928,0
975599851680378881,0
975380254494789634,0
973542742583226368,0
972785351629488128,N
970702480651698177,0
970602881756876801,0
968548451117023232,0
967395037259673600,0
966541461176041472,0
966537171338481664,0
966512892618182656,N
966307783351169024,N
966273704136232960,0
966238759586066433,0
965821019733688320,0
965464005144801281,0
965440885721767936,N
965167788053721088,0
965096375464546304,1
964794488060239872,1
964752524837310464,0
964430317242077185,0
964385207288717312,0
964015030302748672,0
964000644569825280,0
963994936268832768,0
963785451424317440,0
963391566122536960,0
962981472868040704,1
962920678583234561,0
962612181631225856,0
961506706185424896,0
961182560335183872,0
960807007388188673,0
959423349867864064,0
958333097489072128,1
957919576095825920,0
957300770231140353,1
957248093103288320,N
957151490925256710,0
957126615942692864,1
956055152406028288,0
955422194359848960,0
953601017970679808,0
953245385383964672,0
953157683674312704,0
952739972179791874,0
952136026247462913,0
951379620732977152,0
950759800089886720,N
950361708236718080,0
949257756950724608,1
948157450586222592,1
948124905920520193,0
947339046371635200,0
947051337371484160,0
946721521933930496,0
946323775116775424,N
945965828033384448,0
945339146502942720,1
944449130373382144,0
944438536513703936,N
943386729645568005,0
943024528497750016,0
941914249474871296,0
936900689648689153,0
936600374030385153,0
935716278819524608,0
935165578016206849,0
935165544105312256,0
935165518729830400,0
935165498370621441,0
935165471074041857,0
935091791157649408,0
934674370697531392,0
934477265257234432,0
934345940055527425,1
933710549489250309,0
933703744814043136,0
933703684558671877,0
933703283679604736,0
933628883718557696,0
933209834878484481,0
931502135304491013,0
931398518681501696,0
930452365240496128,0
929758855239630848,0
929252085023068160,0
928925918373875712,0
928265644864192512,0
928265599175737344,0
928265183645937665,0
928205970504810496,0
928205965224267777,0
928205963269722112,0
928205962447646720,0
927762261845852160,0
927496674733371393,0
926124310984626176,0
925390581219581952,0
925390524206407685,0
925390474621239298,0
925046310293659648,0
925023313344192513,0
925023265520676864,0
925023091649945600,0
925023039875530752,0
924876403488841728,0
923570490370699265,1
923081999388172288,1
922760180881940481,0
920540637568651264,0
919963245384830976,0
919558615790505985,0
918491525683785730,0
918420451700899840,0
917629559876571136,1
917278098227417088,0
916952077493870592,0
916646083178016774,0
915971779050446848,0
914705489186967554,0
912664434622988288,0
912663101249605632,0
912662869250134016,0
911209768986882050,0
909385777993388034,0
905691395494744064,0
905691372551843841,0
905690217943851008,0
904681262434185217,0
900742131857457153,0
900741771218620419,0
897135957643845633,0
897135933207830528,0
897135928350846976,0
897134786896179200,0
893448964191784961,0
893004563200004096,0
893004415736610816,0
893003048242556929,0
892971524084334595,0
892971282593193985,0
892969931712724992,0
892724191287537664,0
891576097183326209,0
891517712798814208,0
891335269705797633,0
891327468434579456,0
891304842706255872,0
890971359605665792,0
890971129162215425,0
890969808451272706,0
890912299195740160,0
890244962671001602,1
888694200530866176,1
888694195803885568,0
888692504148811776,0
887554729731084288,0
887277431429763072,0
887167570859655172,0
885054756179365889,0
882171565089206272,0
881553157876195328,1
879394439726112768,0
870554197854257152,0
860483292381958144,0
860053046935662592,0
858990003568779266,1
858205738946232320,0
857135383435497473,0
856855323541426177,0
855354543399247872,0
854641167010414593,0
853978830280765440,0
853937712780521474,0
853920690617159680,0
852783754699341824,0
852425753765576707,0
850341580733005824,0
849907833906888704,0
849561273511673856,0
847821764751237121,0
847821461066838016,0
847775551481933825,0
847045602680672256,1
845608301278588929,1
843823182176010241,0
843817586672320512,0
843715167963824128,0
841964733204959233,0
841880964431261696,0
841880907904614400,0
840499543330439168,0
839720022025060352,1
839508267860639745,0
839051060996079616,1
838644381078839296,0
838630065055354880,1
838390912376004615,0
837606790598647808,1
837604459375132674,0
836184758770094080,0
836116606879051776,0
835582464567345152,0
835404280991379456,1
835117822686687233,0
834704854236983297,1
834668542750494720,0
834277679163637761,0
833633365387509761,0
832167597009276929,1
830024567049576448,0
829202372459110400,0
828612164911058944,0
827512806325026820,0
827061299204997120,1
826699846526513152,0
823436939852333056,0
821376120473780224,0
821269535063818240,0
820887688559489024,0
820886869525217280,0
819407431260205057,0
819103143497633792,0
818674424329084928,0
818663584402022400,0
818414507579977728,0
818313648099598337,0
817905700798087169,0
816946770382974978,0
816157098950045696,0
815093164587491328,0
812254390446759937,0
810807577651068928,0
808839577959964672,0
808417562572754944,0
805832992702791680,0
804647439672086528,0
803091243970400256,0
803088557736792064,0
802467095342481409,0
801734657439977472,0
801692174664404992,1
800688270078160897,0
800664268181893120,0
799258515743207424,0
799137779288444928,0
798901413308874752,0
798092030643556352,0
797740566217953284,1
797662667016015872,1
796979590111428608,0
795918136553795584,0
795073882730348544,0
794479480903372801,0
794125052853755904,0
793992042204561408,0
793774781426393088,0
793264677513932800,0
792624122341752832,0
792540504999112705,0
791940307319304192,0
791452456324476928,0
790767304090918913,0
790544237146181632,0
790332772376252417,0
790009038364741632,0
789370402518827008,0
788324625033814016,0
787828243172823040,0
787498352569159680,0
787159349097435136,0
783640534413783040,0
783356533245632513,0
782810009608466432,0
780618786760040448,0
779877291656617984,0
778932405109268480,0
777859639161401344,1
775326332339183617,0
774850105430147072,0
774441087574343680,0
774112392246538240,0
773902712341565440,0
773756864353959936,0
772813176333271040,1
772453335744077824,0
772010536552636417,0
771950657934950401,0
771287071365406720,0
770213790776455168,0
767240438659047425,0
763841273824358400,0
762482366585507840,0
761967499961401347,0
759956211571822592,0
759574478334599168,0
759252044427460610,0
758896053785538560,0
758478232496795648,0
757791764807680001,0
757402915623559169,0
757042861867139074,0
756675782022496256,0
756319180346036224,0
756018890514104320,0
755960972532219904,0
755587400437407745,
755364170850181121,0
755312624070524932,0
755294997835112448,0
755250305714032640,0
754906281652129792,0
754871898832510976,0
754503527280603136,0
754140689441619968,0
753894859174477824,0
753785873276276736,0
753775903713419264,0
753656772032880640,0
753444365545054210,0
753431958185795584,0
753085597770739712,0
753041948945113092,0
748538542213586946,0
746947105353244673,0
745494277472411648,0
744503840364322817,0
744419324090167296,0
744354919361155076,0
744108526788763648,0
743749552461643777,0
742440280679321600,0
742082196710653952,0
742059875472007168,0
740239755128901632,0
737171895360102400,0
737171825189326849,0
737171773096103936,0
737171680196460544,0
737167349405585408,0
737159247465709569,0
737155829154078724,0
736539838288003073,1
736513755555745792,0
736513702321610752,0
736513652845649920,0
736503838790811648,0
735777416350556163,0
735777341792604161,0
735777293973389313,0
735777242156961798,0
735730923526717440,0
735054919061757954,0
730367925064851457,0
727773338282643461,0
727735625152143361,0
726683135971201024,0
710336824359530502,0
703446413867241473,0
702427349095215104,0
702426858445541376,0
693507812647829504,0
693506714277031936,0
692626334011359232,0
682170806818836480,0
677324025421430785,0
676998228659838979,0
665508623599181824,0
664000008673361920,0
654538577062178816,0
652759729274355712,0
649910038618705921,0
642609005676769280,0
638679773040930816,0
638638607495004160,0
636054642770599936,1
636054258291355648,1
635121263913005056,0
632878815983767553,0
631333547228295168,0
629203053258747904,0
628158773316620288,0
627098155473989632,0
617952140372238336,0
612185994897395713,0
611213875648688129,0
611115046576394240,0
608524542835847168,0
607389127860842496,0
596207129100431360,0
595590240221339648,0
592308392506458112,0
569936152670502912,1
546593209959600128,0
532065290805596160,0
530304982663577600,0
520063318229143552,0
515984903200985088,0
494552307808219138,0
488704160410243072,0
481768718309933057,0
479139329659260928,0
477415936115220480,0
475967130450419712,0
469248804147847168,0
441810309125136384,1
425304801426305025,1
411424427784404992,0
396955521775067136,0
358134001338298369,0
304457264327188480,1
285994784986890241,0
272996794424754176,0
265268901900865536,0
264144688427171840,0
263440638081650688,0
263069124761112576,0
263066579040886784,0
262725782655344640,0
262725445538160640,0
159224797933473792,0
156789859938336768,0
120132514592460800,1
94436233471733761,0
90480321014923264,0
32028749910253568,0
8.05E+15,0
7727943119798272,0
17858252548,1
6921204594,1
1493926886820376580,0
1492480120007069696,1
1494420954180587520,1
1492619528160776192,1
1491887196827123733,1
1490950333849227266,1
1493775508823162886,1
1491694616994791429,0
1493437122707324928,0
1489992218194501637,0
1493126014649597954,0
1492853687034998788,0
1492523405845082112,0
1494486029994102784,0
1494539666778845186,0
1494534091496062981,0
1494525541600600064,0
1494517040714969088,0
1494507045411688452,0
1494490664209629186,0
1494479167831744514,0
1494366049558732801,0
1494357246129496082,0
1494336480604753921,0
1494332055844691968,0
1494313789486878726,0
1494303142179401729,0
1494275451669606405,0
1494265437869146113,0
1494259118613626883,0
1494252983907155969,0
1494231452657270788,0
1494218346660655107,0
1494201219036094464,0
1494183598953734145,0
1494176265615867906,0
1494161872953946112,0
1494154676102918144,0
1494137985767723009,0
1494128250997866497,0
1494126853149188098,0
1494117453504585728,0
1493988440991727617,0
1493974962163486721,0
1493956199766986752,0
1493949327923822592,0
1493925856758345728,0
1493920443098857479,0
1493914454551310340,0
1493905406162206720,0
1493896418922496000,0
1493887366250962944,0
1493869818788777984,0
1493860699680153600,0
1493855226578673664,0
1493838834555310083,0
1493821215127269376,0
1493812591659200518,0
1493798871038050307,0
1493792293832192001,0
1493785369602818052,0
1493778527128539138,0
1493765854999511040,0
1493754607755210752,0
1493641313002344448,0
1493635976152842240,0
1493631158864977925,0
1493610906273878016,0
1493589176431747075,0
1493578377868939270,0
1493566720984125440,0
1493557282894147594,0
1493550680576954368,0
1493542311770619904,0
1493534323462782976,0
1493528383770497025,0
1493509430813466625,0
1493497970222039042,0
1493494274566270977,0
1493476426045018113,0
1493458823679397890,0
1493452632060751876,0
1493435580830474242,0
1493429886660186112,0
1493420328604766209,0
1493403495549919235,0
1493392208460152832,0
1493383662762852353,0
1493278889279299589,0
1493270085511049218,0
1493248746389635073,0
1493226105892859910,0
1493215980054802433,0
1493188307601489921,0
1493179529979781120,0
1493171919319109635,0
1493166029563785219,0
1493145232744931328,0
1493144268982353920,0
1493130396028276738,0
1493114053841276930,0
1493096451085586432,0
1493088671121100808,0
1493073832596623360,0
1493067507712000006,0
1493057619866492937,0
1493041089090969601,0
1493038775923924995,0
1493030049083052033,0
1492916501409845250,0
1492907706231189506,0
1492902444405526533,0
1492884722615160832,0
1492864108425007105,0
1492853586513985540,0
1492825922822545408,0
1492812251237335040,0
1492809546313912320,0
1492803362475352066,0
1492782675844759554,0
1492769122102308866,0
1492751663039348736,0
1492734044022317057,0
1492725580059451396,0
1492715048543817729,0
1492705102854955009,0
1492695161457229828,0
1492678698478469120,0
1492667431424528384,0
1492551534948667398,0
1492545298903683076,0
1492543093333458948,0
1492522899156062211,0
1492508842835386370,0
1492499542386024448,0
1492491705949749248,0
1492454776055152641,0
1492441039306584068,0
1492425118240296962,0
1492419554295042051,0
1492405133237387268,0
1492391501254434817,0
1492385557368172545,0
1492381355774455810,0
1492371666332454914,0
1492364018924724225,0
1492350386870824961,0
1492342710451474433,0
1492333059110490119,0
1492316295161053190,0
1492303025507299335,0
1492191726068711425,0
1492176574044520448,0
1492165877537849345,0
1492139116254797828,0
1492128814922539010,0
1492114344179494914,0
1492101128120459265,0
1492092530808471555,0
1492077671089848320,0
1492057095671521284,0
1492044835879993345,0
1492032999441207300,0
1492027369196224512,0
1492009279733526532,0
1492001322257641474,0
1491990343784747008,0
1491986308964941824,0
1491980325823528960,0
1491970753486483462,0
1491953923871354880,0
1491942836974931970,0
1491829337213255681,0
1491820535873163264,0
1491798927515209729,0
1491777701333835779,0
1491766430916018180,0
1491738742473723906,0
1491729856736141313,0
1491722365557899269,0
1491716541075066882,0
1491694717201154048,0
1491691671418851330,0
1491683718825922567,0
1491681950738059266,0
1491664507260715009,0
1491646930367045636,0
1491639384604479491,0
1491625958427660289,0
1491617938087964675,0
1491608864785010689,0
1491604456630530050,0
1491595898983706626,0
1491589718504779781,0
1491580136587919365,0
1491466950039707648,0
1491460040103895045,0
1491456684631687178,0
1491451801576505345,0
1491434570369015810,0
1491411631871389696,0
1491405680695148546,0
1491373205625647105,0
1491367927089872899,0
1491359979592630273,0
1491353643794124801,0
1491335956363841537,0
1491328449822457858,0
1491302133563793409,0
1491284518661398531,0
1491283459108909056,0
1491278570953789441,0
1491262110990745600,0
1491255570137231360,0
1491245343844884484,0
1491229134629990402,0
1491224006711672832,0
1491217855274446849,0
1491104552917307393,0
1491095765141585923,0
1491074596287787010,0
1491051769878958082,0
1491041671479726088,0
1491013970018574337,0
1491005211175170049,0
1490997605454647296,0
1490991270776356866,0
1490985512462876673,0
1490969936357130240,0
1490958700701712390,0
1490954676220547076,0
1490940813945479168,0
1490931167222431744,0
1490924543304937474,0
1490916092130504704,0
1490899256152047617,0
1490893192840966150,0
1490883200180432896,0
1490878124183388161,0
1490866754020524033,0
1490855224830935040,0
1490742167886655488,0
1490733372477669382,0
1490710593573044227,0
1490693975396974598,0
1490689514729140225,0
1490679267029843968,0
1490675319111520256,0
1490651578965323777,0
1490643110116085760,0
1490639348747759618,0
1490635213613178881,0
1490628706221449218,0
1490607552341573632,0
1490595628883509248,0
1490577338043494402,0
1490569213131444225,0
1490559734680002560,0
1490553340387676161,0
1490545991040536576,0
1490537670531227648,0
1490530809270648832,0
1490520857814331395,0
1490505770374295552,0
1490499454738124802,0
1490491666406719490,0
1490379793057325056,0
1490370991411052544,0
1490349628017221635,0
1490331906717724680,0
1490316875066068995,0
1490289259432976385,0
1490274670889025538,0
1490272827123331072,0
1490266690479095814,0
1490245151070908421,0
1490233451458424834,0
1490214955635048449,0
1490197323825426432,0
1490191446242062336,0
1490181856297652225,0
1490174660537090048,0
1490168384176427011,0
1490158721774669824,0
1490143136831533058,0
1490130552178888705,0
1490120921813766153,0
1490017396295307264,0
1489988053187715081,0
1489964666113560577,0
1489954497032253440,0
1489917771169165319,0
1489910435281514500,0
1489897228290633734,0
1489890386071875588,0
1489882757673394176,0
1489869968846233602,0
1489852564225261572,0
1489834937616273410,0
1489828512106094592,0
1489812781847429120,0
1489806021887336455,0
1489795265682817024,0
1489779583368896516,0
1489768342420279297,0
1489655005057458182,0
1489647595173470214,0
1489638927535579136,0
1489625030862700544,0
1489603215297773573,0
1489592096365637633,0
1489588409991532544,0
1489564406573072384,0
1489556904573812739,0
1489543921684606982,0
1489516326448398338,0
1489508889871929344,0
1489472546068398080,0
1489466120931139591,0
1489453219143368705,0
1489448011931394049,0
1489443628926009346,0
1489433943384289284,0
1489417206161350656,0
1489405925693997057,0
1489295338804432896,0
1489292622451843080,0
1489277301678166016,0
1489262544296443910,0
1489238800161148933,0
1489229705874374661,0
1489220449934651393,0
1493286925838467075,0
1494484310556127234,0
1494426428175126528,0
1494121921537097729,0
1494082914732044289,0
1494077391681232897,0
1493953281177288706,0
1492979393374920708,0
1492973985713504256,0
1492870364569169929,0
1492862891758096384,0
1492614358534606848,0
1492249584827084807,0
1492242754961022976,0
1491881262642266112,0
1491544941436313608,0
1491542800466386952,0
1491162314460262400,0
1491155016513896454,0
1490803808313790464,0
1490796752815136768,0
1490440161741529089,0
1490434084073787393,0
1490334281456971779,0
1490084568556265473,0
1490078657221595138,0
1489919765724680197,0
1489873922883743746,0
1489773267921555458,0
1489710435875966976,0
1489605667065589760,0
1489410881309974529,0
1489403331009077248,0
1489350482124492814,0
1489343252516184065,0
1493616089057484802,0
1493555692656992259,0
1493276349934542852,0
1493233568482533383,0
1493222243521937412,0
1493193306263613444,0
1493178208673406977,0
1492906416453136385,0
1492856561676402688,0
1492503759183777798,0
1492496209608679429,0
1492491176737325059,0
1492471327852150787,0
1492464752601096200,0
1492181641338499073,0
1492148921472208899,0
1492138854832295946,0
1492109830110257159,0
1492096073128546305,0
1492092514987540488,0
1491819676455739393,0
1491819255754465299,0
1491789066337095689,0
1491765034925518848,0
1491096989794189327,0
1491026527324188675,0
1491026405143969792,0
1490998842912755714,0
1490311816064299014,0
1490309305165357059,0
1490264005234999299,0
1489920487505367040,0
1489905387851689988,0
1489625543964307459,0
1489619755740721152,0
1489617239271559168,0
1489566907661369344,0
1489559358082064388,0
1489551808263561217,0
1489545516530556930,0
1489543251749224452,0
1489543118177566723,0
1489473794053840897,0
1489274410489966596,0
1489247301747068930,0
1492094842385895426,0
1494532533433765890,0
1494244733925101568,0
1494199710663720960,0
1494180871636598788,0
1494166019585110019,0
1493923904314015744,0
1493831330446004224,0
1493810909428711424,0
1493804673970892800,0
1493490007889580033,0
1493465462843518977,0
1493461428371558405,0
1493157045939228674,0
1493132191605276672,0
1493096918867718144,0
1493069298989887488,0
1492466573784748036,0
1492432010375168001,0
1492085806118612993,0
1492071899824025603,0
1492050626788093953,0
1491692130758438913,0
1491626455125868544,0
1491276978254598145,0
1491024059504926727,0
1490958646314160128,0
1490658275251322880,0
1490630036398895106,0
1490620895110795264,0
1490594341747712001,0
1490550470011613187,0
1489883952336629761,0
1489870479813144576,0
1489814391235440645,0
1489570922713743365,0
1489558878656561152,0
1489541246964023296,0
1489508025249320961,0
1489457036857573383,0
1489451478192627714,0
1490214279781715969,0
1490164260244123652,0
1494540625609297927,0
1494535702192615426,0
1494533490188390401,0
1494525001663655937,0
1494521031280959490,0
1494520347378733059,0
1494516741392965633,0
1494512658699395073,0
1494512331908616193,0
1494505396522094597,0
1494287854880845824,0
1494285761021362176,0
1494282144294006787,0
1494279546920910849,0
1494276737731276804,0
1494273028058136577,0
1494268226725113856,0
1494264786246565890,0
1494260617636900865,0
1494256920378875909,0
1494245068835852289,0
1494244702920445956,0
1494239295602786307,0
1494231776683708416,0
1494217982054072322,0
1494217440003121157,0
1494209121716871173,0
1494203481887891456,0
1494200452594176000,0
1494195456309882881,0
1494190954873761794,0
1494189078757085186,0
1494182032691572736,0
1494167739195265027,0
1494162673893736450,0
1494153486140805126,0
1494148867297710080,0
1494148315297947649,0
1494141627857707011,0
1494137532757385216,0
1494133390135607296,0
1494129967709364225,0
1493927837665230854,0
1493922104156516353,0
1493919633434636288,0
1493915187229097987,0
1493882642504110082,0
1493880417367121921,0
1493867653999435776,0
1493859230100582402,0
1493856861266726916,0
1493851102810308608,0
1493850290910420994,0
1493848140503420930,0
1493843645287469064,0
1493840922139783171,0
1493837236457992192,0
1493831317770805248,0
1493829941485453313,0
1493822475011981314,0
1493818572690247680,0
1493799327021424641,0
1493790203110060032,0
1493786799864381445,0
1493783499014242309,0
1493780488518967301,0
1493776604345950215,0
1493772814163189770,0
1493770105007730689,0
1493767138976305152,0
1493763253083668485,0
1493752775519322123,0
1493561714063081481,0
1493559008137195520,0
1493556074594861060,0
1493553114389282818,0
1493548474402766848,0
1493543842502803457,0
1493538928116506625,0
1493534044898066435,0
1493530774066581504,0
1493526776966172672,0
1493522725805359112,0
1493519058687303681,0
1493516234930802691,0
1493513151819567106,0
1493510721111719939,0
1493509664138432512,0
1493506824179388416,0
1493504024787623937,0
1493488298245115905,0
1493484854100463618,0
1493479900313169921,0
1493475487233966081,0
1493468654960185347,0
1493467346421239808,0
1493463427788193792,0
1493462958218756096,0
1493458933364961281,0
1493455401488044033,0
1493452323930411011,0
1493448353577062401,0
1493442440115613696,0
1493439306681098241,0
1493435933391085568,0
1493431671135211520,0
1493426652574990338,0
1493423124892717060,0
1493419289872777216,0
1493415067869593603,0
1493411395513110529,0
1493404338856685572,0
1493401158282473472,0
1493161796219584516,0
1493156306890670082,0
1493153178459996162,0
1493148884260253701,0
1493146462381047810,0
1493143936994807808,0
1493140606054731777,0
1493137978180644866,0
1493134848411987968,0
1493131608228241413,0
1493127803369586689,0
1493125483332259844,0
1493119676289003520,0
1492796768714919937,0
1492790482975739906,0
1492787596287934465,0
1492784571725000708,0
1492781075604869120,0
1492773934366072838,0
1492771165890560002,0
1492767505102049284,0
1492764044054654977,0
1492760113677234176,0
1492758196515389442,0
1492751745596149764,0
1492749216355352576,0
1492473199657123846,0
1492467318701830150,0
1492460583245197312,0
1492444448525254657,0
1492441268236218368,0
1492438485273563139,0
1492410059787149312,0
1492402274924056576,0
1492398607948869638,0
1492393101423362050,0
1492388321179619329,0
1492380818102124546,0
1492361892177735686,0
1492358681379303424,0
1492353217622994946,0
1492350974127603715,0
1492066275035873280,0
1492063890074902529,0
1492058802539339776,0
1492055633780416513,0
1492051795442810882,0
1492040705682083844,0
1492037406136336384,0
1492032572985331712,0
1492030509056405504,0
1492027710495137792,0
1492020702404231170,0
1492020651032743936,0
1492015201604214784,0
1492014444234174466,0
1492010568542089218,0
1492002239405117442,0
1492001015562121218,0
1491999849234849795,0
1491996502008659969,0
1491990895369269249,0
1491986034720382977,0
1491981614859325440,0
1491979109056258048,0
1491863488074969106,0
1491708558714368005,0
1491704153386618882,0
1491701974898671616,0
1491698700720041988,0
1491696498811146245,0
1491693924485791745,0
1491690959934943235,0
1491687809509257221,0
1491681579403415552,0
1491677439402987521,0
1491673072906108929,0
1491669887483199494,0
1491665843293351945,0
1491660724980322306,0
1491645208874070016,0
1491642286392094721,0
1491331861813293060,0
1491326999805448193,0
1491306330816409602,0
1491297034842030080,0
1491292917801295872,0
1491291035552849922,0
1491289481651298306,0
1491284150741270534,0
1491281082867924992,0
1491278109903306754,0
1491274849456898048,0
1490995346407038978,0
1490989918822486018,0
1490982807023546370,0
1490979297401929733,0
1490972202686029824,0
1490969332809043969,0
1490964136871694336,0
1490961412289560576,0
1490955504029356035,0
1490931237812199426,0
1490920427086311428,0
1490901222374531074,0
1490884616974077953,0
1490879219580420096,0
1490660534911320071,0
1490656759693787142,0
1490653844111441922,0
1490649780195790848,0
1490647069471612931,0
1490641537948028934,0
1490638224363950086,0
1490621348204269571,0
1490617708018212865,0
1490616783627186176,0
1490611728928837633,0
1490599064324370433,0
1490594807634223108,0
1490578007236354053,0
1490574722924384260,0
1490568024906035200,0
1490559760332066817,0
1490554379711041541,0
1490546456406552576,0
1490543396225650688,0
1490533645651570692,0
1490533034893799427,0
1490532510425489418,0
1490531852695715844,0
1490511764357726217,0
1490511016030990336,0
1490510359437979658,0
1490508085219106818,0
1490351698467962883,0
1490301878395371520,0
1490300446581616640,0
1490299815074603008,0
1490298774002237440,0
1490295026009927683,0
1490293734583717888,0
1490292905663397888,0
1490287547876245506,0
1490282093565591558,0
1490279283776196609,0
1490278754610221057,0
1490273115678871556,0
1490269445985832962,0
1490244118533992448,0
1490235022204616704,0
1490224768272203776,0
1490216933995986944,0
1490211619083001858,0
1490205561451081729,0
1490198327824388097,0
1490194124594884609,0
1490146803647324161,0
1489956681383493634,0
1489937614060748801,0
1489935459304165381,0
1489933072468381699,0
1489928418175041538,0
1489922193509457920,0
1489921386336292869,0
1489916988151386112,0
1489908512075313153,0
1489905208264065027,0
1489901653998256128,0
1489900258096447490,0
1489898622430760962,0
1489894659434315778,0
1489892268895268868,0
1489889365677383681,0
1489884373599997953,0
1489881590226325505,0
1489879007294152712,0
1489870289500467203,0
1489867758519013377,0
1489863308291162118,0
1489827972370419721,0
1489822565635821571,0
1489819708853350407,0
1489537662172033025,0
1489534585868550147,0
1489530612700835840,0
1489524822552252419,0
1489517356582064128,0
1489515161186881538,0
1489504113289498624,0
1489495707706793988,0
1489489586405347329,0
1489484826881454082,0
1489482882615635971,0
1489478184902926337,0
1489474741521944576,0
1489473040086106114,0
1489470707696234502,0
1489462805342220289,0
1489454765473890307,0
1489450393520476167,0
1489442508035989509,0
1489433796726628352,0
1489432472941371392,0
1489419328063938561,0
1489331048500531202,0
1489329253585809408,0
1489214204477607937,0
1493829221197967362,0
1493538878707613698,0
1493173269113225219,0
1493150438161784832,0
1492380610702512130,0
1492097108937424896,0
1491274455582396417,0
1493914979849977856,0
1491065916947570694,0
1492498731614097409,0
1489600119414870018,0
1493595136533872645,0
1491293264825434114,0
1494260718891577346,0
1493879922481582086,0
1492862381118324737,0
1492783208936747012,0
1490692947234328581,0
1489961847717793794,0
1491309744375873539,0
1494537159306465280,0
1493480196694896641,0
1494531851846709249,0
1494305145160540161,0
1493889641212116992,0
1493859442089209862,0
1493828657290223616,0
1493587148427063298,0
1493232310036140035,0
1493200600913297417,0
1492885021639778305,0
1492879729711804419,0
1492511624875642887,0
1492484885260296210,0
1492370439028772868,0
1492151614836441088,0
1492150390556884996,0
1492148582946054146,0
1491986601890615296,0
1491661962501046273,0
1491631763537350659,0
1491616664055689221,0
1491337323920998400,0
1491073082324254721,0
1491065532975509508,0
1490990035235074055,0
1490704448016240641,0
1490672945827618824,0
1490657846626865155,0
1490627647386181632,0
1490597448502317058,0
1490280359061180420,0
1490191967757946882,0
1490001253098995715,0
1489999760987607040,0
1489997243520143373,0
1489988435234328580,0
1489987176762855431,0
1489985918706454529,0
1489982143807819782,0
1489979627321761792,0
1489631080831496195,0
1489596231470833672,0
1489555583690629125,0
1489510284653961216,0
1489253594092093443,0
1489246043489259522,0
1489235281127477249,0
1489223394549657607,0
1489208294946349056,0
1493808894891929600,0
1494534510444044289,0
1494532535220506624,0
1494247351636336644,0
1494244736005451777,0
1494199712697962496,0
1494180873989951493,0
1494166021548040192,0
1494166008260861957,0
1493923906272788486,0
1493897184252936197,0
1493866961708920833,0
1493848144987430912,0
1493831332522127360,0
1493810911433220097,0
1493804676017717251,0
1493606292241682433,0
1493571923435200517,0
1493571910902620160,0
1493562662189682688,0
1493553395873218561,0
1493526193353936896,0
1493515451132887042,0
1493490009902821378,0
1493465464760311809,0
1493461430418350080,0
1493435248582934529,0
1493195404657053698,0
1493182938464555008,0
1493157048007028738,0
1493132193652424706,0
1493096921040564224,0
1493095451075440640,0
1493069301032820745,0
1492905027417296896,0
1492825631939530752,0
1492759913877028865,0
1492759893165502465,0
1492466576574279683,0
1492448440567332865,0
1492432012401340417,0
1492381558866464769,0
1492356024149639173,0
1492126197630652417,0
1492108122227617801,0
1492085808094154752,0
1492071901555953664,0
1492050628612595712,0
1492015618115059712,0
1491997221763436551,0
1491993825761710081,0
1491841602741886989,0
1491735683152871424,0
1491722856312414208,0
1491692132423573505,0
1491668318956457989,0
1491644733265162245,0
1491633351836696578,0
1491626456807768067,0
1491357805345148929,0
1491336521882161152,0
1491320988369252354,0
1491314667314356226,0
1491309203214172161,0
1491287513729626113,0
1491276979970412544,0
1491270483123204100,0
1491074708368138242,0
1491038454117199874,0
1491038413268549633,0
1491024061170094080,0
1490958648025051138,0
1490658276828397571,0
1490630038127255553,0
1490620896783912962,0
1490594343417434114,0
1490578281921351682,0
1490550471626752003,0
1490534320460922881,0
1490377380744990722,0
1490260430652329990,0
1490004882174394369,0
1489883954089902082,0
1489870481486323712,0
1489829343987568644,0
1489814392929619973,0
1489570924370472960,0
1489558880350728194,0
1489553169751638016,0
1489544025200017409,0
1489541248772100103,0
1489509189554565123,0
1489508026940026882,0
1489483424511709187,0
1489457038623375361,0
1489451479841009667,0
1489254346780921859,0
1492729051978469378,0
1492521375709507589,0
1494310436719644676,0
1493582834396971010,0
1493257098066804740,0
1493230870668320772,0
1493035823427895296,0
1492905905469284353,0
1492172568467550208,0
1492143265583276032,0
1491991493976141825,0
1491471710717345793,0
1491327467256414208,0
1490618572766257153,0
1490560764788502530,0
1490325302803038212,0
1490187847420489728,0
1490121859391946753,0
1489440297733922820,0
1489236099310391297,0
1491968802220769281,0
1490670282800988162,0
1494540183789731840,0
1494272439798231042,0
1494119641555238912,0
1493437396280430594,0
1492477531651330048,0
1492336506475716609,0
1490624519882432513,0
1489989682012176384,0
1490740334799716352,0
1489484801602064385,0
1489814241725267970,0
1493556379402981376,0
1493465635250053120,0
1492014902977859585,0
1490323926844833794,0
1490247374547329027,0
1491298331384946690,0
1491034981757378560,0
1491026897446518788,0
1493911268599599105,0
1490704157518745600,0
1494274946347847683,0
1493196063112515589,0
1492059250561937412,0
1493890730783539202,0
1493809087276285954,0
1493468236616454145,0
1490320719955492869,0
1490191920748011522,0
1490180134133202944,0
1489955544416747527,0
1489511671760846848,0
1489492175243313160,0
1489457285311393793,0
1489452182487576576,0
1490245144658210820,0